sh26-050,성북구,장월1 에스에이치빌,39,4,"1,400만원대",21만원대,서울특별시 성북구 한천로101길 54,장월 에스에이치빌 1단지::서울특별시 성북구 한천로101길 54
sh26-051,송파구,마천지구 송파파크데일,39,6,"3,000~3,100만원대",24~25만원대,서울특별시 송파구 성내천로37길 37,송파파크데일1단지::서울특별시 송파구 성내천로37길 37|송파파크데일2단지::서울특별시 송파구 성내천로47길 38
sh26-052,송파구,마천지구 송파파크데일,49,18,"4,500~4,600만원대",31~32만원대,서울특별시 송파구 성내천로37길 37,송파파크데일1단지::서울특별시 송파구 성내천로37길 37|송파파크데일2단지::서울특별시 송파구 성내천로47길 38
sh26-053,송파구,마천지구 송파파크데일,59,19,"5,300~5,500만원대",36~37만원대,서울특별시 송파구 성내천로37길 37,송파파크데일1단지::서울특별시 송파구 성내천로37길 37|송파파크데일2단지::서울특별시 송파구 성내천로47길 38
sh26-054,송파구,오금지구 송파레미니스,39,32,"3,800만원대",24~25만원대,서울특별시 송파구 성내천로 6,송파레미니스::서울특별시 송파구 성내천로 6|송파레미니스2단지::서울특별시 송파구 동남로 341
sh26-055,송파구,오금지구 송파레미니스,49,13,"5,800만원대",32만원대,서울특별시 송파구 성내천로 6,송파레미니스::서울특별시 송파구 성내천로 6|송파레미니스2단지::서울특별시 송파구 동남로 341
sh26-056,송파구,오금지구 송파레미니스,59,6,"7,100만원대",39만원대,서울특별시 송파구 성내천로 6,송파레미니스::서울특별시 송파구 성내천로 6|송파레미니스2단지::서울특별시 송파구 동남로 341
sh26-057,송파구,위례포레샤인 13단지,39,16,"4,200만원대",27만원대,서울특별시 송파구 위례서이로 25,위례포레샤인13단지::서울특별시 송파구 위례서이로 25
sh26-058,송파구,위례포레샤인 13단지,59,2,"7,500만원대",40만원대,서울특별시 송파구 위례서이로 25,위례포레샤인13단지::서울특별시 송파구 위례서이로 25
sh26-059,송파구,위례포레샤인 23단지,39,31,"4,200만원대",26만원대,서울특별시 송파구 위례순환로 477,위례포레샤인23단지::서울특별시 송파구 위례순환로 477
